id	text	labels	labels_phrases
168	Vor allem in der jetzigen Jahreszeit, den zahlenden Kunden bei Regen, Wind und K√§lte (wie letztes selbst erlebt) 20 min, ungesch√ºtzt vor der T√ºr warten zu lassen grenzt schon an Unversch√§mtheit.	['(SERVICE, NEGATIVE)']	"['(SERVICE, NEGATIVE, ""NULL"")']"
179	Nichts konnte √ºberzeugen.	['(GENERAL-IMPRESSION, NEGATIVE)']	"['(GENERAL-IMPRESSION, NEGATIVE, ""NULL"")']"
231	Ein Schnitzel glich dem anderen - leider nur TK-Ware ohne Liebe frittiert.	['(FOOD, NEGATIVE)']	"['(FOOD, NEGATIVE, ""Schnitzel"")']"
252	Sehr nettes Personal und Verst√§ndnis, wenn man l√§nger sitzen bleibt.	['(SERVICE, POSITIVE)']	"['(SERVICE, POSITIVE, ""Personal"")']"
262	Ich w√ºrde das Lokal wieder empfehlen.	['(GENERAL-IMPRESSION, POSITIVE)']	"['(GENERAL-IMPRESSION, POSITIVE, ""Lokal"")']"
283	Gern wieder :)	['(GENERAL-IMPRESSION, POSITIVE)']	"['(GENERAL-IMPRESSION, POSITIVE, ""NULL"")']"
311	Der Leberk√§se hingegen sehr gut.	['(FOOD, POSITIVE)']	"['(FOOD, POSITIVE, ""Leberk√§se"")']"
376	Der Keller hat uns durch seine Art den Abend versaut und unsere Tradition endet somit und wir suchen ein neues Lokal.	['(SERVICE, NEGATIVE)']	"['(SERVICE, NEGATIVE, ""Keller"")']"
387	Ein gem√ºtliches Restaurant, die Aussenbestuhlung befindet sich vor dem Lokal, der bestellte Rosewein wurde hervorragend im Weink√ºhler serviert und unsere Fischgerichte waren sehr lecker!	['(GENERAL-IMPRESSION, POSITIVE)', '(FOOD, POSITIVE)', '(FOOD, POSITIVE)']	"['(GENERAL-IMPRESSION, POSITIVE, ""Restaurant"")', '(FOOD, POSITIVE, ""Rosewein"")', '(FOOD, POSITIVE, ""Fischgerichte"")']"
399	Service absolut unterirdisch.	['(SERVICE, NEGATIVE)']	"['(SERVICE, NEGATIVE, ""Service"")']"
402	Man hat ihn angemerkt, dass er seinen Job gern macht.	['(SERVICE, POSITIVE)']	"['(SERVICE, POSITIVE, ""NULL"")']"
426	Dieses Restaurant bietet eine k√∂stliche Auswahl an klassischen Gerichten, von denen jedes vor Geschmack strotzt.	['(FOOD, POSITIVE)']	"['(FOOD, POSITIVE, ""Gerichten"")']"
444	F√ºr einen ruhigen Abend mit wohlf√ºhlcharakter ist man hier definitiv falsch.	['(AMBIENCE, NEGATIVE)']	"['(AMBIENCE, NEGATIVE, ""NULL"")']"
471	Wir werden also schon erwartet und sofort k√ºmmert sich der Service um unser Wohl.	['(SERVICE, POSITIVE)']	"['(SERVICE, POSITIVE, ""Service"")']"
491	Das Essen war sehr sehr lecker und kam z√ºgig.	['(FOOD, POSITIVE)', '(SERVICE, POSITIVE)']	"['(FOOD, POSITIVE, ""Essen"")', '(SERVICE, POSITIVE, ""NULL"")']"
523	Geschmack fad.	['(FOOD, NEGATIVE)']	"['(FOOD, NEGATIVE, ""NULL"")']"
531	Dann, keine 10 Minuten sp√§ter, bekam ich ein neues Steak, das auf den Punkt zubereitet war.	['(FOOD, POSITIVE)']	"['(FOOD, POSITIVE, ""Steak"")']"
599	Sehr nette und zuvorkommende Bedienung.	['(SERVICE, POSITIVE)']	"['(SERVICE, POSITIVE, ""Bedienung"")']"
658	Leider sind die Toiletten sehr unsauber, nicht gepflegt mit starker Geruchsbildung der einem auf dem Weg dorthin schon entgegen schl√§gt.	['(AMBIENCE, NEGATIVE)']	"['(AMBIENCE, NEGATIVE, ""Toiletten"")']"
773	Da sollte sich das Management vom LOC sch√§men sowas haben wir nie erlebt.	['(SERVICE, NEGATIVE)']	"['(SERVICE, NEGATIVE, ""Management"")']"
808	Die Kr√∂nung waren dann die 6,50 Euro f√ºr den 0,1 l Rosenkir.	['(PRICE, POSITIVE)']	"['(PRICE, POSITIVE, ""NULL"")']"
810	Zu dem auch nur lauwarm.	['(FOOD, NEGATIVE)']	"['(FOOD, NEGATIVE, ""NULL"")']"
864	Tolles Ambiente, sch√∂ne Einrichtung.	['(AMBIENCE, POSITIVE)', '(AMBIENCE, POSITIVE)']	"['(AMBIENCE, POSITIVE, ""Ambiente"")', '(AMBIENCE, POSITIVE, ""Einrichtung"")']"
965	6 Salatbl√§tter Frisee und 2/3 Croutons sind keine 12,50‚Ç¨ wert!	['(PRICE, NEGATIVE)', '(PRICE, NEGATIVE)']	"['(PRICE, NEGATIVE, ""Salatbl√§tter Frisee"")', '(PRICE, NEGATIVE, ""Croutons"")']"
972	Mehr als 2 Punkte gibt es nicht.	['(GENERAL-IMPRESSION, NEGATIVE)']	"['(GENERAL-IMPRESSION, NEGATIVE, ""NULL"")']"
978	Sollte Mann dann doch bei einem Besuch in LOC mit erleben Recht beeindruckend - der gro√üe Saal mit den Gew√∂lben und den Malereien Kann auch sehr gut zu Abend essen dort - und nat√ºrlich auch ein gepflegtes Bier trinken	['(AMBIENCE, POSITIVE)', '(AMBIENCE, POSITIVE)', '(FOOD, POSITIVE)', '(FOOD, POSITIVE)']	"['(AMBIENCE, POSITIVE, ""Saal mit den Gew√∂lben"")', '(AMBIENCE, POSITIVE, ""Malereien"")', '(FOOD, POSITIVE, ""Bier"")', '(FOOD, POSITIVE, ""NULL"")']"
985	Richtig sch√∂n, waren die Blumenbl√§tter auf den Gerichten, aber das war leider auch schon alles.	['(GENERAL-IMPRESSION, NEGATIVE)', '(FOOD, POSITIVE)']	"['(GENERAL-IMPRESSION, NEGATIVE, ""NULL"")', '(FOOD, POSITIVE, ""Blumenbl√§tter"")']"
1001	Am besten war noch der dazu bestellte gro√üe Salatteller mit Speckw√ºrfel und die gekaufte Breze.	['(FOOD, POSITIVE)', '(FOOD, POSITIVE)']	"['(FOOD, POSITIVE, ""Salatteller mit Speckw√ºrfel"")', '(FOOD, POSITIVE, ""Breze"")']"
1002	Schlechtester Belag, den wir bis jetzt bekommen haben.	['(FOOD, NEGATIVE)']	"['(FOOD, NEGATIVE, ""Belag"")']"
1014	Ich war ein absoluter Stammkunde, aber das hat jetzt ein Ende.	['(GENERAL-IMPRESSION, NEGATIVE)']	"['(GENERAL-IMPRESSION, NEGATIVE, ""NULL"")']"
1022	Wir waren mit unserem Besuch vollsten zufrieden.	['(GENERAL-IMPRESSION, POSITIVE)']	"['(GENERAL-IMPRESSION, POSITIVE, ""NULL"")']"
1054	Sehr leckerer Lachsteller mit Kartoffeln und Gem√ºse in sch√∂nem Ambiente.	['(FOOD, POSITIVE)', '(FOOD, POSITIVE)', '(AMBIENCE, POSITIVE)']	"['(FOOD, POSITIVE, ""Lachsteller mit Kartoffeln"")', '(FOOD, POSITIVE, ""Gem√ºse"")', '(AMBIENCE, POSITIVE, ""Ambiente"")']"
1064	1 cm dicke Blutwurst, breiig wie Mus (statt kross gebraten)1 rundes St√ºck frittiertes Fleisch (was lt.	['(FOOD, NEGATIVE)']	"['(FOOD, NEGATIVE, ""Blutwurst"")']"
1066	Statt sich um die G√§ste zu k√ºmmern wurde vorgezogen lautstark und vor den G√§sten zu telefonieren, private Unterhaltungen zu f√ºhren oder Raucherpausen zu machen.	['(SERVICE, NEGATIVE)']	"['(SERVICE, NEGATIVE, ""NULL"")']"
1074	Preislich daf√ºr zumindest teilweise deutlich √ºberzeugen.	['(PRICE, NEGATIVE)']	"['(PRICE, NEGATIVE, ""NULL"")']"
1078	Die Auswahl der Sprizz sind gro√ü - schmeckt auch ohne Alkohol.	['(FOOD, POSITIVE)']	"['(FOOD, POSITIVE, ""Auswahl der Sprizz"")']"
1081	Das LOC bietet ein authentisches Steakhouse-Erlebnis, das Fleischliebhaber begeistern wird.	['(GENERAL-IMPRESSION, POSITIVE)', '(FOOD, POSITIVE)']	"['(GENERAL-IMPRESSION, POSITIVE, ""LOC"")', '(FOOD, POSITIVE, ""NULL"")']"
1106	Bedienung unfreundlich mit verdreckten Oberteil - sorry unappetitlich hoch drei .	['(SERVICE, NEGATIVE)']	"['(SERVICE, NEGATIVE, ""Bedienung"")']"
1112	Alles perfekt, eindeutig griechisch lecker, ok., der Reihe nach, im Detail:die sehr gute Vorspeise weckt den Appetit auf das Hauptgericht, das sowohl als Fleisch- und als Fischvariante absolut Klasse war, Ambiente angenehme Schlichtheit und das Personal in seiner waschechten, gastfreundlichen, griechischen Art einfach super!!	['(FOOD, POSITIVE)', '(FOOD, POSITIVE)', '(AMBIENCE, POSITIVE)', '(SERVICE, POSITIVE)']	"['(FOOD, POSITIVE, ""Vorspeise"")', '(FOOD, POSITIVE, ""Fleisch- und als Fischvariante"")', '(AMBIENCE, POSITIVE, ""Ambiente"")', '(SERVICE, POSITIVE, ""Personal"")']"
1113	Daraufhin hat sie mich angepamt, ich w√ºrde an einem Tisch sitzen der gesperrt sei.	['(SERVICE, NEGATIVE)']	"['(SERVICE, NEGATIVE, ""NULL"")']"
1117	Leute, macht einen gro√üen Bogen um dieses Restaurant.	['(GENERAL-IMPRESSION, NEGATIVE)']	"['(GENERAL-IMPRESSION, NEGATIVE, ""Restaurant"")']"
1121	Wir kommen gerne wieder.	['(GENERAL-IMPRESSION, POSITIVE)']	"['(GENERAL-IMPRESSION, POSITIVE, ""NULL"")']"
1128	Wenn ich wieder in der LOC bin, komme ich gerne wieder!	['(GENERAL-IMPRESSION, POSITIVE)']	"['(GENERAL-IMPRESSION, POSITIVE, ""NULL"")']"
1134	lokale K√ºche (T√∂ttchen), ein eigenes Bier und vor allem super Service.	['(SERVICE, POSITIVE)']	"['(SERVICE, POSITIVE, ""Service"")']"
1168	Der Preis mit 9.90‚Ç¨ definitiv nicht gerechtfertigt.	['(PRICE, NEGATIVE)']	"['(PRICE, NEGATIVE, ""Preis"")']"
1239	Netter und freundlicher Service.	['(SERVICE, POSITIVE)']	"['(SERVICE, POSITIVE, ""Service"")']"
1256	Was mir etwas fehlte ist eine noch klarere Ausrichtung der K√ºche - nat√ºrlich optimalerweise auf die westf√§lische K√ºche.	['(FOOD, NEGATIVE)']	"['(FOOD, NEGATIVE, ""K√ºche"")']"
1282	Schade.	['(GENERAL-IMPRESSION, NEGATIVE)']	"['(GENERAL-IMPRESSION, NEGATIVE, ""NULL"")']"
1285	Der Laden ist voll, das Personal bleibt freundlich und angenehm nett.	['(SERVICE, POSITIVE)']	"['(SERVICE, POSITIVE, ""Personal"")']"
1346	Service ist top, aber die Qualit√§t das Essens war schrecklich.	['(SERVICE, POSITIVE)', '(FOOD, NEGATIVE)']	"['(SERVICE, POSITIVE, ""Service"")', '(FOOD, NEGATIVE, ""Essens"")']"
1348	Die Portionsgr√∂√üen sind tendenziell gro√üz√ºgig.	['(FOOD, POSITIVE)']	"['(FOOD, POSITIVE, ""Portionsgr√∂√üen"")']"
1355	Anstatt es einfach auszutauschen wurde mir gesagt, das ich da eben Pech habe.	['(SERVICE, NEGATIVE)']	"['(SERVICE, NEGATIVE, ""NULL"")']"
1394	Wir waren durchweg alle zufrieden.	['(GENERAL-IMPRESSION, POSITIVE)']	"['(GENERAL-IMPRESSION, POSITIVE, ""NULL"")']"
1419	Das Preis-Leistungsverh√§ltnis nach unserem Empfinden nicht in Ordnung.	['(PRICE, NEGATIVE)']	"['(PRICE, NEGATIVE, ""Preis-Leistungsverh√§ltnis"")']"
1449	Uns hat das Ambiente der Metzgerei ebenfalls sehr gut gefallen.	['(AMBIENCE, POSITIVE)']	"['(AMBIENCE, POSITIVE, ""Metzgerei"")']"
1459	Speziell die Bedienungung Frau Vorname, LOC super aufmerksam, freundlich und nett.	['(SERVICE, POSITIVE)']	"['(SERVICE, POSITIVE, ""Frau Vorname"")']"
1511	Freundlich empfangen und zum Tisch gebracht.	['(SERVICE, POSITIVE)']	"['(SERVICE, POSITIVE, ""NULL"")']"
1525	Seeehr leckeres Essen, tolles Ambiente und Personal.	['(FOOD, POSITIVE)', '(AMBIENCE, POSITIVE)', '(SERVICE, POSITIVE)']	"['(FOOD, POSITIVE, ""Essen"")', '(AMBIENCE, POSITIVE, ""Ambiente"")', '(SERVICE, POSITIVE, ""Personal"")']"
1569	Von der Preisstruktur her gehoben, kann die Qualit√§t des Essens nicht mithalten: teilweise gut (Spargel), teilweise grottig (stark versalzene Beilagen , Gem√ºse nicht frisch, sondern an Tiefk√ºhlgem√ºse erinnernd, sehr durchwachsenes Fleisch).	['(FOOD, NEGATIVE)', '(FOOD, NEGATIVE)', '(FOOD, POSITIVE)', '(FOOD, NEGATIVE)', '(FOOD, NEGATIVE)', '(FOOD, NEUTRAL)']	"['(FOOD, NEGATIVE, ""Preisstruktur"")', '(FOOD, NEGATIVE, ""Essens"")', '(FOOD, POSITIVE, ""Spargel"")', '(FOOD, NEGATIVE, ""Beilagen"")', '(FOOD, NEGATIVE, ""Gem√ºse"")', '(FOOD, NEUTRAL, ""Fleisch"")']"
1606	Die Pfefferso√üe eine Frechheit was den Geschmack angeht.	['(FOOD, NEGATIVE)']	"['(FOOD, NEGATIVE, ""Pfefferso√üe"")']"
1623	Man sollte auf festes Schuhwerk achten, da einen ansonsten bei dem klebenden Boden die selbigen ausgezogen werden.	['(AMBIENCE, NEGATIVE)']	"['(AMBIENCE, NEGATIVE, ""Boden"")']"
1640	Der Service ist eine Katastrophe!	['(SERVICE, NEGATIVE)']	"['(SERVICE, NEGATIVE, ""Service"")']"
1653	Direkt neben der LOC pr√§sentiert sich das LOC mit wundersch√∂nen R√§umen.	['(AMBIENCE, POSITIVE)']	"['(AMBIENCE, POSITIVE, ""R√§umen"")']"
1660	Auch der Murrejubbel Kn√∂del und vor allem das LOC mit Apfelreduktion war ein Highlight.	['(FOOD, POSITIVE)', '(FOOD, POSITIVE)']	"['(FOOD, POSITIVE, ""Murrejubbel Kn√∂del"")', '(FOOD, POSITIVE, ""LOC mit Apfelreduktion"")']"
1681	Das war leider das letzte Mal!	['(GENERAL-IMPRESSION, NEGATIVE)']	"['(GENERAL-IMPRESSION, NEGATIVE, ""NULL"")']"
1683	LOC ist zu empfehlen.	['(GENERAL-IMPRESSION, POSITIVE)']	"['(GENERAL-IMPRESSION, POSITIVE, ""LOC"")']"
1687	In einem guten Restaurant wird einem das vorher gesagt, bevor sie auf den Tisch gestellt wird.	['(SERVICE, NEGATIVE)']	"['(SERVICE, NEGATIVE, ""NULL"")']"
1688	Von au√üen recht unscheinbar entpuppt sich das Haus als gem√ºtliches, uriges und stilecht eingerichtetes Altbiergasthaus mit gro√üem Platzangebot.	['(AMBIENCE, POSITIVE)', '(AMBIENCE, POSITIVE)']	"['(AMBIENCE, POSITIVE, ""Altbiergasthaus"")', '(AMBIENCE, POSITIVE, ""Platzangebot"")']"
1689	Daf√ºr ist die Auswahl an Getr√§nken sehr ordentlich.	['(FOOD, POSITIVE)']	"['(FOOD, POSITIVE, ""Auswahl an Getr√§nken"")']"
1717	Auf ein zwei sch√∂ne Biere kommen wir sicher wieder, essen werden wir vermutlich nicht mehr.	['(FOOD, POSITIVE)', '(FOOD, NEGATIVE)']	"['(FOOD, POSITIVE, ""Biere"")', '(FOOD, NEGATIVE, ""essen"")']"
1718	Beides wurde einzeln gebracht mit einer Verz√∂gerung von 10min.	['(SERVICE, NEGATIVE)']	"['(SERVICE, NEGATIVE, ""Verz√∂gerung"")']"
1740	Klasse, wie immer.	['(GENERAL-IMPRESSION, POSITIVE)']	"['(GENERAL-IMPRESSION, POSITIVE, ""NULL"")']"
1769	Die Sauce und das Gem√ºse waren in Ordnung.	['(FOOD, NEUTRAL)', '(FOOD, NEUTRAL)']	"['(FOOD, NEUTRAL, ""Sauce"")', '(FOOD, NEUTRAL, ""Gem√ºse"")']"
1773	Wir hatten eine sehr freundliche Bedienung.	['(SERVICE, POSITIVE)']	"['(SERVICE, POSITIVE, ""Bedienung"")']"
1794	Gestresste √ºberhebliche Kellner und das Essen nur noch Mittelmass.	['(SERVICE, NEGATIVE)', '(FOOD, NEUTRAL)']	"['(SERVICE, NEGATIVE, ""Kellner"")', '(FOOD, NEUTRAL, ""Essen"")']"
1821	Dann LOC Knipp - Knipp, Gurken und Apfelmus fein, kann man nicht viel falsch machen.	['(FOOD, POSITIVE)', '(FOOD, POSITIVE)']	"['(FOOD, POSITIVE, ""Gurken"")', '(FOOD, POSITIVE, ""Apfelmus"")']"
1831	Ich wei√ü nicht was das soll.	['(GENERAL-IMPRESSION, NEGATIVE)']	"['(GENERAL-IMPRESSION, NEGATIVE, ""NULL"")']"
1885	Kommen immer wieder gerne!	['(GENERAL-IMPRESSION, POSITIVE)']	"['(GENERAL-IMPRESSION, POSITIVE, ""NULL"")']"
1893	Das k√∂nnen viele besser.	['(GENERAL-IMPRESSION, NEGATIVE)']	"['(GENERAL-IMPRESSION, NEGATIVE, ""NULL"")']"
1974	Wer sich bestrafen m√∂chten bestellt ein Steak Tartare.	['(FOOD, NEGATIVE)']	"['(FOOD, NEGATIVE, ""Steak Tartare"")']"
2027	√úbel in der Optik und dem faden Geschmack.	['(FOOD, NEGATIVE)']	"['(FOOD, NEGATIVE, ""NULL"")']"
2036	Leider waren wir dieses Mal mit den Speisen nicht zufrieden.	['(FOOD, NEGATIVE)']	"['(FOOD, NEGATIVE, ""Speisen"")']"
2081	Gro√üartige Gerichte, kreiert mit besten Produkten, auch aus der Region; delikat, gradlinig, auf hohem Niveau.	['(FOOD, POSITIVE)', '(FOOD, POSITIVE)']	"['(FOOD, POSITIVE, ""Gerichte"")', '(FOOD, POSITIVE, ""Produkten"")']"
13	Im Vergleich zum Personal im Schl√ºssel und LOC bleibt das Uerige aber doch zur√ºck.	['(GENERAL-IMPRESSION, NEGATIVE)']	"['(GENERAL-IMPRESSION, NEGATIVE, ""Uerige"")']"
126	Das Preisniveau der Hauptspeisen bewegt sich zumeist bei √ºber 30 Euro, Und ein Pils muss ebensowenig 8 Euro kosten wie ein Grappa 10,00!	['(PRICE, NEGATIVE)', '(PRICE, NEGATIVE)']	"['(PRICE, NEGATIVE, ""Pils"")', '(PRICE, NEGATIVE, ""Grappa"")']"
129	Insgesamt ein alteingesessenes Lokal das man empfehlen kann.	['(GENERAL-IMPRESSION, POSITIVE)']	"['(GENERAL-IMPRESSION, POSITIVE, ""Lokal"")']"
144	Muscheln als Vorspeise fantastisch.	['(FOOD, POSITIVE)']	"['(FOOD, POSITIVE, ""Muscheln"")']"
186	Das Essen ist mega.	['(FOOD, POSITIVE)']	"['(FOOD, POSITIVE, ""Essen"")']"
236	Feines Essen, nette Bedienung.	['(FOOD, POSITIVE)', '(SERVICE, POSITIVE)']	"['(FOOD, POSITIVE, ""Essen"")', '(SERVICE, POSITIVE, ""Bedienung"")']"
278	Wir wurden am Eingang richtig freundlich in Empfang genommen.	['(AMBIENCE, POSITIVE)']	"['(AMBIENCE, POSITIVE, ""Empfang"")']"
367	Ein hervorragender Service, sehr lecheres Essen und eine sehr nette Bedienung, immer wieder gerne.	['(SERVICE, POSITIVE)', '(FOOD, POSITIVE)', '(SERVICE, POSITIVE)', '(GENERAL-IMPRESSION, POSITIVE)']	"['(SERVICE, POSITIVE, ""Service"")', '(FOOD, POSITIVE, ""Essen"")', '(SERVICE, POSITIVE, ""Bedienung"")', '(GENERAL-IMPRESSION, POSITIVE, ""NULL"")']"
394	- Es war schon mal deutlich besser.	['(GENERAL-IMPRESSION, NEGATIVE)']	"['(GENERAL-IMPRESSION, NEGATIVE, ""NULL"")']"
429	Das MammaMia ist ein wahrlich sch√∂nes Restaurant mit sehr angenehmer und lockerer Atmosph√§re.	['(GENERAL-IMPRESSION, POSITIVE)', '(AMBIENCE, POSITIVE)']	"['(GENERAL-IMPRESSION, POSITIVE, ""MammaMia"")', '(AMBIENCE, POSITIVE, ""Atmosph√§re"")']"
436	Brandy rundeten diesen einmaligen Abend ab.	['(FOOD, POSITIVE)']	"['(FOOD, POSITIVE, ""Brandy"")']"
456	Die Tapas waren grandios, die Mitarbeiter/innen waren sehr aufmerksam..wir kommen bald wieder ‚Ä¶	['(FOOD, POSITIVE)', '(SERVICE, POSITIVE)']	"['(FOOD, POSITIVE, ""Tapas"")', '(SERVICE, POSITIVE, ""Mitarbeiter/innen"")']"
463	Wurst ist ok, aber nicht das non plus ultra.	['(FOOD, NEUTRAL)']	"['(FOOD, NEUTRAL, ""Wurst"")']"
533	Man f√ºhlt sich v√∂llig abgezockt.	['(PRICE, NEGATIVE)']	"['(PRICE, NEGATIVE, ""NULL"")']"
567	Das Restaurant im Keller war toll und gut besucht.	['(GENERAL-IMPRESSION, POSITIVE)']	"['(GENERAL-IMPRESSION, POSITIVE, ""Restaurant im Keller"")']"
571	Dieser sollte mal an einer Schulung teilnehmen in der Ihm der korrekte Umgang mit G√§sten und Kollegen n√§her gebracht wird.	['(SERVICE, NEGATIVE)']	"['(SERVICE, NEGATIVE, ""NULL"")']"
579	Wir konnten uns von der vorz√ºglichen Qualit√§t der regionalen und selbst gemachten Produkte √ºberzeugen.	['(FOOD, POSITIVE)']	"['(FOOD, POSITIVE, ""Produkte"")']"
666	Sehr schade.	['(GENERAL-IMPRESSION, NEGATIVE)']	"['(GENERAL-IMPRESSION, NEGATIVE, ""NULL"")']"
670	Die Bedienung war freundlich, flott und gut gelaunt.	['(SERVICE, POSITIVE)']	"['(SERVICE, POSITIVE, ""Bedienung"")']"
686	Auch das Ambiente ist sch√∂n (alte Kupferkessel) und vor allem hat die sehr freundliche Bedienung (Magdalena) zu einem gelungenem Abend beigetragen.	['(AMBIENCE, POSITIVE)', '(SERVICE, POSITIVE)']	"['(AMBIENCE, POSITIVE, ""Ambiente"")', '(SERVICE, POSITIVE, ""Magdalena"")']"
721	Wer‚Äôs z√ºnftig, laut und gesellig mag, der ist hier richtig.	['(AMBIENCE, POSITIVE)']	"['(AMBIENCE, POSITIVE, ""NULL"")']"
783	Das Saisonbier schmeckte ebenfalls.	['(FOOD, POSITIVE)']	"['(FOOD, POSITIVE, ""Saisonbier"")']"
795	Es hat gezogen an unserem Platz, es war etwas kalt.	['(AMBIENCE, NEGATIVE)']	"['(AMBIENCE, NEGATIVE, ""NULL"")']"
840	2mal Fisch, 1mal herzhafte s√ºdamerikanische (!)	['(FOOD, POSITIVE)']	"['(FOOD, POSITIVE, ""NULL"")']"
857	Wo gibt es die beste Currywurst LOC, nat√ºrlich nur hier mitten im LOC.	['(FOOD, POSITIVE)']	"['(FOOD, POSITIVE, ""Currywurst"")']"
913	Das war eine ausgezeichnete Wahl, denn so h√§tten wir die Speisen niemals bewusst bestellt.	['(FOOD, POSITIVE)']	"['(FOOD, POSITIVE, ""Speisen"")']"
927	√Ñhnliches beobachteten wir dann wiederholt, wurden immernoch nicht bedient und verlie√üen dann das Caf√©.	['(SERVICE, NEGATIVE)']	"['(SERVICE, NEGATIVE, ""NULL"")']"
975	Service sehr freundlich und flirty.	['(SERVICE, POSITIVE)']	"['(SERVICE, POSITIVE, ""Service"")']"
984	Sehr guter Service von Lena.	['(SERVICE, POSITIVE)']	"['(SERVICE, POSITIVE, ""Lena"")']"
992	"Diesmal √ºberzeugte uns das ""Duett vom Hirsch, Roulade und Frikadelle"" eine √§u√üerst gelungene Komposition, die wir mehrmals a√üen, weil so noch nie gefunden."	['(FOOD, POSITIVE)', '(FOOD, POSITIVE)', '(FOOD, POSITIVE)']	"['(FOOD, POSITIVE, ""Duett vom Hirsch"")', '(FOOD, POSITIVE, ""Roulade"")', '(FOOD, POSITIVE, ""Frikadelle"")']"
1021	Nun - sicher , es ist Urlaubszeit, Touristen, viele Menschen, es ist warm ‚Ä¶Aber - das Aufgeben einer Bestellung dauert sehr lange, dann auch nur, durch lautstarke Aufforderung.	['(SERVICE, NEGATIVE)']	"['(SERVICE, NEGATIVE, ""Bestellung"")']"
1023	Die Pizza war perfekt und gut belegt.	['(FOOD, POSITIVE)']	"['(FOOD, POSITIVE, ""Pizza"")']"
1084	Teilweise durchgegart, teilweise medium, fast roh und sehr sehr fett.	['(FOOD, NEGATIVE)']	"['(FOOD, NEGATIVE, ""NULL"")']"
1099	Die Bedienung war nett, auf den verschmutzen Tisch musste ich hinweisen.	['(SERVICE, POSITIVE)', '(AMBIENCE, NEGATIVE)']	"['(SERVICE, POSITIVE, ""Bedienung"")', '(AMBIENCE, NEGATIVE, ""Tisch"")']"
1114	Ich bin LOC und ich wei√ü, dass ich nicht die gleiche K√ºche wie in LOC finden kann, aber das ist eine echte Beleidilung f√ºr uns.	['(FOOD, NEGATIVE)']	"['(FOOD, NEGATIVE, ""K√ºche"")']"
1118	Der Nachtisch ging gar nicht.	['(FOOD, NEGATIVE)']	"['(FOOD, NEGATIVE, ""Nachtisch"")']"
1122	LOC war auch lecker.	['(FOOD, POSITIVE)']	"['(FOOD, POSITIVE, ""LOC"")']"
1126	Aber was den Besuch noch unvergesslicher gemacht hat, war der super nette und kompetente Kellner Bruno.	['(SERVICE, POSITIVE)', '(GENERAL-IMPRESSION, POSITIVE)']	"['(SERVICE, POSITIVE, ""Bruno"")', '(GENERAL-IMPRESSION, POSITIVE, ""NULL"")']"
1165	Auch das Essen war so lala.	['(FOOD, NEUTRAL)']	"['(FOOD, NEUTRAL, ""Essen"")']"
1212	Aber die Bedienung war schon sehr unfreundlich und wollte das Menu nicht ein klein wenig erkl√§ren, was bei den Preisen schon ganz nett w√§re.	['(SERVICE, NEGATIVE)']	"['(SERVICE, NEGATIVE, ""Bedienung"")']"
1264	Die M√∂glichkeit, zweimal die Vorspeise zu w√§hlen, wurde verwehrt, selbst nach Angebot, den Betrag zum Selleriegericht aufzustocken.	['(SERVICE, NEGATIVE)']	"['(SERVICE, NEGATIVE, ""NULL"")']"
1296	Also f√ºr uns definitiv ein no-go und nie mehr wieder.	['(GENERAL-IMPRESSION, NEGATIVE)']	"['(GENERAL-IMPRESSION, NEGATIVE, ""NULL"")']"
1320	Es war so weich gekocht, dass ich es durch die geschlossenen Zahnreihen ziehen konnte.	['(FOOD, NEGATIVE)']	"['(FOOD, NEGATIVE, ""NULL"")']"
1344	Die Baguettes billige zum Aufbacken und nicht ansatzweise knusprig, sondern v√∂llig weich und teilweise sogar matschig.	['(FOOD, NEGATIVE)']	"['(FOOD, NEGATIVE, ""Baguettes"")']"
1360	Ich fragte, ob es frisch gepressten o-Saft g√§be und wieder eine schnoddrige Antwort, dass sie nur frischen Saft h√§tten, was sich allerdings als frisch aus dem Tetrapack herausstellte.	['(SERVICE, NEGATIVE)', '(FOOD, NEGATIVE)']	"['(SERVICE, NEGATIVE, ""NULL"")', '(FOOD, NEGATIVE, ""Saft"")']"
1375	Die Haxe war knusprig und das Fleisch zart.	['(FOOD, POSITIVE)', '(FOOD, POSITIVE)']	"['(FOOD, POSITIVE, ""Haxe"")', '(FOOD, POSITIVE, ""Fleisch"")']"
1404	Was wir dort erlebt haben, war Massenabfertigung sowie ein Kellner, der G√§ste, die kein K√∂lsch oder √Ñnderungen beim Essen wollten, eigentlich permanent beleidigt hat.	['(SERVICE, NEGATIVE)', '(FOOD, NEGATIVE)']	"['(SERVICE, NEGATIVE, ""Kellner"")', '(FOOD, NEGATIVE, ""Massenabfertigung"")']"
1417	Waren dort um den Abend ausklingen zu lassen - habe beide Biere getrunken und muss sagen habe schon besseres getrunken.	['(FOOD, NEGATIVE)']	"['(FOOD, NEGATIVE, ""Biere"")']"
1491	Schnitzel mit Bratkartoffeln und Salat und Champignonso√üe f√ºr 19,50 Euro, wenn es gut w√§r dann w√§re der Preis OK aber f√ºr ein Schnitzel aus der Fritteuse mit Champignons aus der Dose vielleicht 2 St√ºck Pilze ein no Go.	['(PRICE, NEGATIVE)', '(FOOD, NEGATIVE)', '(FOOD, NEGATIVE)', '(FOOD, NEGATIVE)']	"['(PRICE, NEGATIVE, ""Preis"")', '(FOOD, NEGATIVE, ""Schnitzel mit Bratkartoffeln"")', '(FOOD, NEGATIVE, ""Salat"")', '(FOOD, NEGATIVE, ""Champignonso√üe"")']"
1565	Das Steak, das wir bestellten, war einfach himmlisch - perfekt zubereitet und unglaublich zart.	['(FOOD, POSITIVE)']	"['(FOOD, POSITIVE, ""Steak"")']"
1583	Waren zudem vom innerst√§dtischen fairen Preis √ºberrascht.	['(PRICE, POSITIVE)']	"['(PRICE, POSITIVE, ""Preis"")']"
1589	Die herzliche Begr√º√üung und die freundliche Bedienung sowie das gem√ºtliche Ambiente haben uns sehr gefallen.	['(SERVICE, POSITIVE)', '(AMBIENCE, POSITIVE)', '(AMBIENCE, POSITIVE)']	"['(SERVICE, POSITIVE, ""Bedienung"")', '(AMBIENCE, POSITIVE, ""Ambiente"")', '(AMBIENCE, POSITIVE, ""Begr√º√üung"")']"
1603	Direkt an der LOC im Zentrum gelegen ist das Restaurant ideal f√ºr einen Stopp.	['(GENERAL-IMPRESSION, POSITIVE)']	"['(GENERAL-IMPRESSION, POSITIVE, ""Restaurant"")']"
1644	 Sooft nach LOC und noch nie hier Essen, was f√ºr eine Zeitverschwendung!	['(GENERAL-IMPRESSION, NEGATIVE)']	"['(GENERAL-IMPRESSION, NEGATIVE, ""NULL"")']"
1690	Vorspeise gut.	['(FOOD, POSITIVE)']	"['(FOOD, POSITIVE, ""Vorspeise"")']"
1698	Allerdings gab man uns, trotz Reservierung wochenlang im Voraus, einen Tisch hinter dem st√§ndig das dreckige Geschirr von abger√§umten Tischen deponiert wurde.	['(AMBIENCE, NEGATIVE)']	"['(AMBIENCE, NEGATIVE, ""Tisch"")']"
1699	War zwar viel los, dennoch hat das Personal nicht an H√∂flichkeit und Spa√ü verloren.	['(SERVICE, POSITIVE)']	"['(SERVICE, POSITIVE, ""Personal"")']"
1704	Wir haben √ºber 90 Minuten gewartet, bis wir unser Essen bekommen haben.	['(SERVICE, NEGATIVE)']	"['(SERVICE, NEGATIVE, ""NULL"")']"
1728	Ich kann nur sagen: FINGER WEG!!!	['(GENERAL-IMPRESSION, NEGATIVE)']	"['(GENERAL-IMPRESSION, NEGATIVE, ""NULL"")']"
1741	Kaffee und Teewasser waren kalt.	['(FOOD, NEGATIVE)', '(FOOD, NEGATIVE)']	"['(FOOD, NEGATIVE, ""Kaffee"")', '(FOOD, NEGATIVE, ""Teewasser"")']"
1767	Wagner muss man m√∂gen............die Kellner sind schon seit mehr als 20 Jahren die gleichen und man muss Sie m√∂gen.	['(SERVICE, POSITIVE)', '(GENERAL-IMPRESSION, POSITIVE)']	"['(SERVICE, POSITIVE, ""Kellner"")', '(GENERAL-IMPRESSION, POSITIVE, ""Wagner"")']"
1768	Fr√ºhst√ºck war super lecker.	['(FOOD, POSITIVE)']	"['(FOOD, POSITIVE, ""Fr√ºhst√ºck"")']"
1790	Also wer gro√üen Hunger hat wird wahrscheinlich nicht zufrieden gestellt.	['(FOOD, NEGATIVE)']	"['(FOOD, NEGATIVE, ""NULL"")']"
1792	Der Service wirkte gestresst (kein Wunder), war aber freundlich jedoch auch recht unpers√∂nlich, alles musste zackig bestellt werden, Fliessbandfeeling.	['(SERVICE, NEGATIVE)']	"['(SERVICE, NEGATIVE, ""Service"")']"
1796	Wir waren zufrieden, f√ºr den starken Gesch√§ftsgang, kann das Restaurant ja nichts.	['(GENERAL-IMPRESSION, POSITIVE)']	"['(GENERAL-IMPRESSION, POSITIVE, ""NULL"")']"
1849	Sehr aufmerksame und nette Bedienung.	['(SERVICE, POSITIVE)']	"['(SERVICE, POSITIVE, ""Bedienung"")']"
1865	Trotz Reservierung unfreundlich abgewiesen.	['(SERVICE, NEGATIVE)']	"['(SERVICE, NEGATIVE, ""NULL"")']"
1887	Das Schnitzel (zwei l√§ngliche Schnitzelst√ºcke) war von Form und Beschaffenheit der Panade ein Convenient-Produkt.	['(FOOD, NEGATIVE)', '(FOOD, NEGATIVE)']	"['(FOOD, NEGATIVE, ""Schnitzel"")', '(FOOD, NEGATIVE, ""Schnitzelst√ºcke"")']"
1905	F√ºr diesen Preis trotzdem eine Zumutung.	['(PRICE, NEGATIVE)', '(GENERAL-IMPRESSION, NEGATIVE)']	"['(PRICE, NEGATIVE, ""Preis"")', '(GENERAL-IMPRESSION, NEGATIVE, ""NULL"")']"
1914	Obwohl es ein sehr gro√ües Lokal ist, konnten wir uns sehr gut unterhalten und fanden die Atmosph√§re sehr angenehm.	['(AMBIENCE, POSITIVE)']	"['(AMBIENCE, POSITIVE, ""Atmosph√§re"")']"
1936	Es sei denn, man steht darauf, vom Eigent√ºmer beleidigt zu werden.	['(SERVICE, NEGATIVE)']	"['(SERVICE, NEGATIVE, ""Eigent√ºmer"")']"
1939	Wir waren hier zum Mittagessen und wurden eher entt√§uscht.	['(GENERAL-IMPRESSION, NEGATIVE)']	"['(GENERAL-IMPRESSION, NEGATIVE, ""NULL"")']"
1961	Immer wieder gerne, sehr nettes und kompetentes Personal.	['(SERVICE, POSITIVE)', '(GENERAL-IMPRESSION, POSITIVE)']	"['(SERVICE, POSITIVE, ""Personal"")', '(GENERAL-IMPRESSION, POSITIVE, ""NULL"")']"
1971	Qualit√§t der Speisen und Optik in Ordnung.	['(FOOD, NEUTRAL)']	"['(FOOD, NEUTRAL, ""Speisen"")']"
1975	Der Blick von der Dachterasse ist der Wahnsinn.	['(AMBIENCE, POSITIVE)']	"['(AMBIENCE, POSITIVE, ""Blick von der Dachterasse"")']"
1996	Hier stimmt alles!	['(GENERAL-IMPRESSION, POSITIVE)']	"['(GENERAL-IMPRESSION, POSITIVE, ""NULL"")']"
2001	Tolle Auswahl an Speisen und Getr√§nken.	['(FOOD, POSITIVE)', '(FOOD, POSITIVE)']	"['(FOOD, POSITIVE, ""Speisen"")', '(FOOD, POSITIVE, ""Getr√§nken"")']"
2031	Mal dort und werde wiederkommen wenn ich wieder in LOC bin.	['(GENERAL-IMPRESSION, POSITIVE)']	"['(GENERAL-IMPRESSION, POSITIVE, ""NULL"")']"
2085	Atmosph√§re des Lokals ist gut, Personal reagierte auf den Wunsch, beim Salat eine Zutat wegzulassen allerdings unflexibel und der Inhaber ist mehr als unfreundlich.	['(AMBIENCE, POSITIVE)', '(SERVICE, NEGATIVE)', '(SERVICE, NEGATIVE)']	"['(AMBIENCE, POSITIVE, ""Atmosph√§re"")', '(SERVICE, NEGATIVE, ""Inhaber"")', '(SERVICE, NEGATIVE, ""Personal"")']"
2100	Gastfreundschaft geht anders.	['(SERVICE, NEGATIVE)']	"['(SERVICE, NEGATIVE, ""Gastfreundschaft"")']"
2126	Das Essen war au√üerdem nicht warm genug, die Gambas trocken und der Lauch war alt und hart und ungenie√übar.	['(FOOD, NEGATIVE)', '(FOOD, NEGATIVE)', '(FOOD, NEGATIVE)']	"['(FOOD, NEGATIVE, ""Essen"")', '(FOOD, NEGATIVE, ""Gambas"")', '(FOOD, NEGATIVE, ""Lauch"")']"
2136	Wir haben Entrecotes/Filets, dazu superfeine Beilagen (zB Stampf, Schlotze oder Spinat) gegessen, im Nachgang noch die Spaghetti mit Tomatensauce (Eis-Dessert).	['(FOOD, POSITIVE)', '(FOOD, POSITIVE)', '(FOOD, POSITIVE)', '(FOOD, POSITIVE)']	"['(FOOD, POSITIVE, ""Beilagen"")', '(FOOD, POSITIVE, ""Stampf"")', '(FOOD, POSITIVE, ""Schlotze"")', '(FOOD, POSITIVE, ""Spinat"")']"
2147	F√ºr uns hat es sich erledigt!	['(GENERAL-IMPRESSION, NEGATIVE)']	"['(GENERAL-IMPRESSION, NEGATIVE, ""NULL"")']"
27	"Sehr schade, da sitzt man im ""LOC"", einem der sch√∂nsten M√ºnchner Innenh√∂fen, und die Qualit√§t vom Essen ist einfach nur entt√§uschend - in keiner Relation, weder zum Ruf des Hauses noch zu den Preisen, ob Kn√∂del, Schnitzel, Pommes, Bratw√ºrste oder Bratkartoffeln."	['(AMBIENCE, POSITIVE)', '(FOOD, POSITIVE)', '(PRICE, NEGATIVE)', '(PRICE, NEGATIVE)', '(PRICE, NEGATIVE)', '(PRICE, NEGATIVE)', '(PRICE, NEGATIVE)']	"['(AMBIENCE, POSITIVE, ""Innenh√∂fen"")', '(FOOD, POSITIVE, ""Essen"")', '(PRICE, NEGATIVE, ""Kn√∂del"")', '(PRICE, NEGATIVE, ""Schnitzel"")', '(PRICE, NEGATIVE, ""Pommes"")', '(PRICE, NEGATIVE, ""Bratw√ºrste"")', '(PRICE, NEGATIVE, ""Bratkartoffeln"")']"
63	Nicht zu empfehlen!	['(GENERAL-IMPRESSION, NEGATIVE)']	"['(GENERAL-IMPRESSION, NEGATIVE, ""NULL"")']"
86	Die Bedienung ist super nett und das Essen war wirklich wunderbar!	['(SERVICE, POSITIVE)', '(FOOD, POSITIVE)']	"['(SERVICE, POSITIVE, ""Bedienung"")', '(FOOD, POSITIVE, ""Essen"")']"
93	Wir hatten zun√§chst eine Gans zu Weihnachten, die war spektakul√§r und braucht keinen Vergleich zu scheuen.	['(FOOD, POSITIVE)']	"['(FOOD, POSITIVE, ""Gans"")']"
103	Wir wurden bedient von dem netten Fr√§ulein Susanna.	['(SERVICE, POSITIVE)']	"['(SERVICE, POSITIVE, ""Susanna"")']"
176	Das Essen ist ein Traum üòç	['(FOOD, POSITIVE)']	"['(FOOD, POSITIVE, ""Essen"")']"
198	Einfaches Restaurant mit schlechten Service und kaum glutenfreie Speisen.	['(FOOD, NEGATIVE)', '(SERVICE, NEGATIVE)']	"['(FOOD, NEGATIVE, ""Speisen"")', '(SERVICE, NEGATIVE, ""Service"")']"
202	Es war ein wundersch√∂nes Erlebnisses, ein Hochgenuss der Suchtpotential hat.	['(FOOD, POSITIVE)']	"['(FOOD, POSITIVE, ""NULL"")']"
258	Wir wurden auch sehr nett begr√º√üt und an unseren Platz gebracht.	['(SERVICE, POSITIVE)']	"['(SERVICE, POSITIVE, ""NULL"")']"
265	Unterm Strich: einfache Biergartenk√ºche zu gehobenen Preisen.	['(FOOD, NEGATIVE)', '(PRICE, NEGATIVE)']	"['(FOOD, NEGATIVE, ""Biergartenk√ºche"")', '(PRICE, NEGATIVE, ""Preisen"")']"
313	Das wir uns f√ºr den LOC entschieden haben, bereuen wir in keinster Weise.	['(GENERAL-IMPRESSION, POSITIVE)']	"['(GENERAL-IMPRESSION, POSITIVE, ""LOC"")']"
347	Wir haben drau√üen gesessen und wurde sehr freundlich bedient.	['(SERVICE, POSITIVE)']	"['(SERVICE, POSITIVE, ""NULL"")']"
369	Eigentlich fehlen mir die Worte!!	['(GENERAL-IMPRESSION, NEGATIVE)']	"['(GENERAL-IMPRESSION, NEGATIVE, ""NULL"")']"
384	Ideal f√ºr ein Essen mit einer gr√∂√üeren Gruppe.	['(GENERAL-IMPRESSION, POSITIVE)']	"['(GENERAL-IMPRESSION, POSITIVE, ""NULL"")']"
415	Wir waren schon √∂fters hier, war immer top.	['(GENERAL-IMPRESSION, POSITIVE)']	"['(GENERAL-IMPRESSION, POSITIVE, ""NULL"")']"
431	Das Kalbsschnitzel mit 19EUR nicht teuer aber absolut lieblos und dahin ger...zt.	['(PRICE, NEUTRAL)', '(FOOD, NEGATIVE)']	"['(PRICE, NEUTRAL, ""Kalbsschnitzel"")', '(FOOD, NEGATIVE, ""Kalbsschnitzel"")']"
437	Gutes Essen Sch√∂ner Spielplatz	['(FOOD, POSITIVE)', '(AMBIENCE, POSITIVE)']	"['(FOOD, POSITIVE, ""Essen"")', '(AMBIENCE, POSITIVE, ""Spielplatz"")']"
447	Wir sind maximal entt√§uscht und werden uns √ºberlegen, ob wir wirklich nochmal hingehen.	['(GENERAL-IMPRESSION, NEGATIVE)']	"['(GENERAL-IMPRESSION, NEGATIVE, ""NULL"")']"
499	Der H√§hnchen D√∂ner wird durch zwei So√üen, Gem√ºse, Salat, Fetak√§se verfeinert und durch einen spitzer Zitrone abgerundet.	['(FOOD, POSITIVE)', '(FOOD, POSITIVE)', '(FOOD, POSITIVE)', '(FOOD, POSITIVE)', '(FOOD, POSITIVE)', '(FOOD, POSITIVE)']	"['(FOOD, POSITIVE, ""H√§hnchen D√∂ner"")', '(FOOD, POSITIVE, ""So√üen"")', '(FOOD, POSITIVE, ""Gem√ºse"")', '(FOOD, POSITIVE, ""Salat"")', '(FOOD, POSITIVE, ""Fetak√§se"")', '(FOOD, POSITIVE, ""Zitrone"")']"
513	Die Pizzen sind au√üergew√∂hnliche lecker mit d√ºnnem Boden und sehr √ºppig belegt.	['(FOOD, POSITIVE)']	"['(FOOD, POSITIVE, ""Pizzen"")']"
530	Auch die Scherben wurden nicht alle entfernt.	['(SERVICE, NEGATIVE)']	"['(SERVICE, NEGATIVE, ""NULL"")']"
558	"Der Service, vor allem von ""LOC"" war sehr freundlich und erstklassig."	['(SERVICE, POSITIVE)']	"['(SERVICE, POSITIVE, ""Service"")']"
574	Auf jeden Fall ein Besuch wert, bei den Speisen ist f√ºr jeden der Tapasliebhaber etwas dabei!	['(FOOD, POSITIVE)', '(GENERAL-IMPRESSION, POSITIVE)']	"['(FOOD, POSITIVE, ""Speisen"")', '(GENERAL-IMPRESSION, POSITIVE, ""NULL"")']"
587	So kann das mit ner Garstufe nicht klappen.	['(FOOD, NEGATIVE)']	"['(FOOD, NEGATIVE, ""Garstufe"")']"
629	Das Essen ist mittelm√§√üig, geschmacklich kein Highlight, kein Unterschied zu einem normalen Asia Imbiss.	['(FOOD, NEUTRAL)']	"['(FOOD, NEUTRAL, ""Essen"")']"
633	Ich kann es nur empfehlen.	['(GENERAL-IMPRESSION, POSITIVE)']	"['(GENERAL-IMPRESSION, POSITIVE, ""NULL"")']"
652	Kurze Zeit sp√§ter folgt die Hauptspeise, wieder gut gef√ºllter Teller, gegrillter Fisch und Gem√ºse, ged√ºnstete Meeresfr√ºchte in LOC.	['(FOOD, POSITIVE)']	"['(FOOD, POSITIVE, ""Teller"")']"
656	befriedigendes Ausflugslokal, leider sehr dreckige Tische, Platzangebot direkt vor LOC obwohl LOC nur zu ca.	['(GENERAL-IMPRESSION, NEUTRAL)', '(AMBIENCE, NEGATIVE)']	"['(GENERAL-IMPRESSION, NEUTRAL, ""Ausflugslokal"")', '(AMBIENCE, NEGATIVE, ""Tische"")']"
730	Wenn es mein Kaffee w√§re, w√ºrde ich diesen unzufriedenen Kellner fristlos entlassen!	['(SERVICE, NEGATIVE)', '(GENERAL-IMPRESSION, NEGATIVE)']	"['(SERVICE, NEGATIVE, ""Kellner"")', '(GENERAL-IMPRESSION, NEGATIVE, ""Kaffee"")']"
734	Das Essen - Haxe wir Kaiserschmarrn - war ein kompletter Reinfall.	['(FOOD, NEGATIVE)', '(FOOD, NEGATIVE)', '(FOOD, NEGATIVE)']	"['(FOOD, NEGATIVE, ""Essen"")', '(FOOD, NEGATIVE, ""Kaiserschmarrn"")', '(FOOD, NEGATIVE, ""Haxe"")']"
744	Wir haben uns sehr wohl gef√ºhlt.	['(AMBIENCE, POSITIVE)']	"['(AMBIENCE, POSITIVE, ""NULL"")']"
824	LOC EssenSuper BockWir hatten einen sehr sch√∂nen Abend im portugiesischen Viertel bei RESTAURANT_NAME.	['(GENERAL-IMPRESSION, POSITIVE)']	"['(GENERAL-IMPRESSION, POSITIVE, ""RESTAURANT_NAME"")']"
826	Das Essen war wirklich mega lecker und abwechslungsreich.	['(FOOD, POSITIVE)']	"['(FOOD, POSITIVE, ""Essen"")']"
854	Nach 2 Stunden fragten wir, wo der Hauptgang bleibt.	['(SERVICE, NEGATIVE)']	"['(SERVICE, NEGATIVE, ""NULL"")']"
862	Auch ein ¬´Katzentisch¬ª direkt am Eingang kann man eigentlich nicht als solchen verkaufen (gerade im Winter wenn die Leute rein und rausgehen wird derjenige der dort mit dem R√ºcken zur T√ºr sitzt jedes Mal von kalter Zugluft eingeholt.	['(AMBIENCE, NEGATIVE)']	"['(AMBIENCE, NEGATIVE, ""Zugluft"")']"
872	Steak Men√º f√ºr 5 Personen ist mega mickrig!!	['(FOOD, NEGATIVE)']	"['(FOOD, NEGATIVE, ""Steak Men√º"")']"
892	Austern die nicht frisch waren.	['(FOOD, NEGATIVE)']	"['(FOOD, NEGATIVE, ""Austern"")']"
894	Der LOC (42,50‚Ç¨) aus der Flasche war ordentlich, nicht mehr, der offene Sauvignon im Glas dagegen sehr blass und mit 6,90‚Ç¨ entschieden zu teuer veranschlagt.	['(FOOD, NEUTRAL)', '(FOOD, NEGATIVE)', '(PRICE, NEGATIVE)']	"['(FOOD, NEUTRAL, ""LOC"")', '(FOOD, NEGATIVE, ""Sauvignon im Glas"")', '(PRICE, NEGATIVE, ""Sauvignon im Glas"")']"
954	Es war f√ºr uns echt unangenehm.	['(GENERAL-IMPRESSION, NEGATIVE)']	"['(GENERAL-IMPRESSION, NEGATIVE, ""NULL"")']"
960	Wenn wir mal wieder in LOC sind, werden wir sicher wieder da essen gehen ‚ò∫Ô∏è	['(GENERAL-IMPRESSION, POSITIVE)']	"['(GENERAL-IMPRESSION, POSITIVE, ""NULL"")']"
977	Einzig unsere Bedienung h√§tte etwas freundlicher sein k√∂nnen.	['(SERVICE, NEGATIVE)']	"['(SERVICE, NEGATIVE, ""Bedienung"")']"
979	Super nette Bedienung und gute Qualit√§t beim Essen.	['(SERVICE, POSITIVE)', '(SERVICE, POSITIVE)']	"['(SERVICE, POSITIVE, ""Bedienung"")', '(SERVICE, POSITIVE, ""Essen"")']"
991	Gesch√§tzt 10 Bedienungen haben versucht uns zu versorgen immer wieder Doppelbestellungen, weil keiner wirklich Wuste was der andere macht.	['(SERVICE, NEGATIVE)']	"['(SERVICE, NEGATIVE, ""Bedienungen"")']"
996	Die gew√§hlten Gerichte: Cordon Blue, doppelter Schaschlik-Spie√ü, Pfefferlendchen, zwei Kindergerichte und eine ‚Äûkleine Portion Rippchen‚Äú waren schmackhaft, appetitlich angerichtet und so reichlich konzipiert, dass eine gro√üe ‚Äûin weiser Voraussicht‚Äú mitgebrachte Dose auch das Mittagessen f√ºr den morgigen Tag gesichert hat.	['(FOOD, POSITIVE)', '(FOOD, POSITIVE)', '(FOOD, POSITIVE)', '(FOOD, POSITIVE)', '(FOOD, POSITIVE)']	"['(FOOD, POSITIVE, ""Cordon Blue"")', '(FOOD, POSITIVE, ""Schaschlik-Spie√ü"")', '(FOOD, POSITIVE, ""Pfefferlendchen"")', '(FOOD, POSITIVE, ""Kindergerichte"")', '(FOOD, POSITIVE, ""Rippchen"")']"
997	F√ºr jeden Geschmack, auch vegan üå±, war etwas dabei.	['(FOOD, POSITIVE)']	"['(FOOD, POSITIVE, ""NULL"")']"
1037	Denn Erholung, was ja ein Abend mit gutem Essen, netter Unterhaltung miteinander und in stilvoller Umgebung, ausmacht, war es nicht.	['(FOOD, NEGATIVE)', '(AMBIENCE, NEGATIVE)', '(AMBIENCE, NEGATIVE)']	"['(FOOD, NEGATIVE, ""Essen"")', '(AMBIENCE, NEGATIVE, ""Unterhaltung"")', '(AMBIENCE, NEGATIVE, ""Umgebung"")']"
1065	Das vorab..Wir wurden sehr freundlich empfangen, zum Platz geleitet und auch die Bedienung war sehr kompetent und zuvorkommend.	['(SERVICE, POSITIVE)', '(SERVICE, POSITIVE)']	"['(SERVICE, POSITIVE, ""NULL"")', '(SERVICE, POSITIVE, ""Bedienung"")']"
1088	Das ungute Gef√ºhl ist geblieben.	['(GENERAL-IMPRESSION, NEGATIVE)']	"['(GENERAL-IMPRESSION, NEGATIVE, ""NULL"")']"
1097	Super Fleisch Beratung, essen gleichzeitig auf dem Tisch.	['(SERVICE, POSITIVE)']	"['(SERVICE, POSITIVE, ""Beratung"")']"
1108	"Wir h√§tten uns dann wohl im Sinne dieser "" Menschlichkeit"" in den Regen setzen d√ºrfen."	['(SERVICE, NEGATIVE)']	"['(SERVICE, NEGATIVE, ""NULL"")']"
1110	Alle arbeiteten Hand in Hand.	['(SERVICE, POSITIVE)']	"['(SERVICE, POSITIVE, ""NULL"")']"
1129	Schade dass bei so einer super Lage der Service so zu w√ºnschen √ºbrig l√§sst.	['(SERVICE, NEGATIVE)', '(AMBIENCE, POSITIVE)']	"['(SERVICE, NEGATIVE, ""Service"")', '(AMBIENCE, POSITIVE, ""Lage"")']"
1161	Durchaus einen Besuch wert.	['(GENERAL-IMPRESSION, POSITIVE)']	"['(GENERAL-IMPRESSION, POSITIVE, ""NULL"")']"
1191	Der wirklich hervorragende Service hat den Besuch abgerundet.	['(SERVICE, POSITIVE)']	"['(SERVICE, POSITIVE, ""Service"")']"
1196	Das Personal war sehr freundlich und zuvorkommend.	['(SERVICE, POSITIVE)']	"['(SERVICE, POSITIVE, ""Personal"")']"
1246	Insgesamt wirklich gut, Currywurst mit Pommes ist auch zu empfehlen.	['(GENERAL-IMPRESSION, POSITIVE)', '(FOOD, POSITIVE)']	"['(GENERAL-IMPRESSION, POSITIVE, ""NULL"")', '(FOOD, POSITIVE, ""Currywurst mit Pommes"")']"
1279	Das Ambiente ist richtig toll, die Auswahl an Gerichten super.	['(AMBIENCE, POSITIVE)', '(FOOD, POSITIVE)']	"['(AMBIENCE, POSITIVE, ""Ambiente"")', '(FOOD, POSITIVE, ""Gerichten"")']"
1318	Die Garnelen waren k√∂stlich, die knoblauch hatte eine perfekte Note dazu gegeben und LOC noch einen leichten bis gehabt und einen runden Geschmack verleiht.	['(FOOD, POSITIVE)', '(FOOD, POSITIVE)']	"['(FOOD, POSITIVE, ""Garnelen"")', '(FOOD, POSITIVE, ""knoblauch"")']"
1405	Insgesamt nicht weiterzuempfehlen.	['(GENERAL-IMPRESSION, NEGATIVE)']	"['(GENERAL-IMPRESSION, NEGATIVE, ""NULL"")']"
1418	Am Rand kalt, in der Mitte hei√ü.	['(FOOD, NEGATIVE)']	"['(FOOD, NEGATIVE, ""NULL"")']"
1446	Die bestellten Biersorten waren lecker!	['(FOOD, POSITIVE)']	"['(FOOD, POSITIVE, ""Biersorten"")']"
1455	Wir wollten uns zum Hochzeitstag mal was besonderes g√∂nnen , doch sind wir beide sehr ent√§uscht worden , das Schnitzel war nicht nur schlabberig sondern auch ungew√ºrzt , die J√§gerso√üe war auch nicht besser , ein kleiner Salat sollte eigentlich zu jedem Gericht geh√∂ren , einzig die Bedienung war freundlich .	['(FOOD, NEGATIVE)', '(FOOD, NEGATIVE)', '(SERVICE, POSITIVE)']	"['(FOOD, NEGATIVE, ""Schnitzel"")', '(FOOD, NEGATIVE, ""J√§gerso√üe"")', '(SERVICE, POSITIVE, ""Bedienung"")']"
1505	Ist ganz nett.	['(GENERAL-IMPRESSION, POSITIVE)']	"['(GENERAL-IMPRESSION, POSITIVE, ""NULL"")']"
1519	Preis-Leistung ust mit sehr schlecht zu bewerten.	['(PRICE, NEGATIVE)']	"['(PRICE, NEGATIVE, ""Preis-Leistung"")']"
1529	Wer auf Haxe steht macht hier gar nichts falsch ...	['(FOOD, POSITIVE)']	"['(FOOD, POSITIVE, ""Haxe"")']"
1542	Wir mussten fast 2 Stunden auf den Hauptgang warten!	['(SERVICE, NEGATIVE)']	"['(SERVICE, NEGATIVE, ""NULL"")']"
1562	Das Fleisch vom Hauptgang war Ihnen kalt.	['(FOOD, NEGATIVE)']	"['(FOOD, NEGATIVE, ""Fleisch"")']"
1604	Die LOC war hart, das Fett darunter fest und das Fleisch z√§h, trocken und ging nur schwer zu schneiden.	['(FOOD, NEGATIVE)', '(FOOD, NEGATIVE)', '(FOOD, NEGATIVE)']	"['(FOOD, NEGATIVE, ""LOC"")', '(FOOD, NEGATIVE, ""Fleisch"")', '(FOOD, NEGATIVE, ""Fett"")']"
1638	Wir werden das Restaurant sicherlich noch einige Male besuchen.	['(GENERAL-IMPRESSION, POSITIVE)']	"['(GENERAL-IMPRESSION, POSITIVE, ""Restaurant"")']"
1639	Anschlie√üend war die Bedienung v√∂llig mit jeglicher Weinempfehlung √ºberfordert.	['(SERVICE, NEGATIVE)']	"['(SERVICE, NEGATIVE, ""Bedienung"")']"
1686	Ja, die So√üe ist lecker.	['(FOOD, POSITIVE)']	"['(FOOD, POSITIVE, ""So√üe"")']"
1706	Die Klimaanlage hatte wohl Pause.	['(AMBIENCE, NEGATIVE)']	"['(AMBIENCE, NEGATIVE, ""Klimaanlage"")']"
1780	Gutes Preiswertes Essen, sehr gute Atmosph√§re, vielen Dank an Victor f√ºr den tollen Service.	['(PRICE, POSITIVE)', '(AMBIENCE, POSITIVE)', '(SERVICE, POSITIVE)']	"['(PRICE, POSITIVE, ""Essen"")', '(AMBIENCE, POSITIVE, ""Atmosph√§re"")', '(SERVICE, POSITIVE, ""Service"")']"
1784	Am Ende waren wir sehr entt√§uscht von dem sehr unfreundlichen Service, weshalb wir kein Trinkgeld gegeben haben, daraufhin bekamen wir zum Abschied nicht Mal ein Tsch√ºss.	['(SERVICE, NEGATIVE)']	"['(SERVICE, NEGATIVE, ""Service"")']"
1797	Insgesamt sch√∂ne Beauhausatmosph√§re mit nettem Personal.	['(AMBIENCE, POSITIVE)', '(SERVICE, POSITIVE)']	"['(AMBIENCE, POSITIVE, ""Beauhausatmosph√§re"")', '(SERVICE, POSITIVE, ""Personal"")']"
1799	!Dieses Lokal k√∂nnen wir sehr guten Gewissens nur empfehlen (und wir empfehlen nur selten Restaurants).	['(GENERAL-IMPRESSION, POSITIVE)']	"['(GENERAL-IMPRESSION, POSITIVE, ""Lokal"")']"
1896	Das war kein Vergleich zum LOC: Hier, im LOC, gab es deutlich besseres Essen und eine bessere Serviceleistung, lag auch an einer Servicekraft (Andrea).	['(FOOD, POSITIVE)', '(SERVICE, POSITIVE)', '(SERVICE, POSITIVE)']	"['(FOOD, POSITIVE, ""Essen"")', '(SERVICE, POSITIVE, ""Serviceleistung"")', '(SERVICE, POSITIVE, ""Andrea"")']"
1913	Das Essen war soweit in Ordnung, Standard w√ºrde ich sagen daf√ºr aber 2-3 Euro zu teuer.	['(FOOD, NEUTRAL)', '(PRICE, NEGATIVE)']	"['(FOOD, NEUTRAL, ""Essen"")', '(PRICE, NEGATIVE, ""Essen"")']"
1934	Schon beim betreten hat der Wirt respektlose und super unfreundliche Bemerkungen gemacht, ging dann so weiter und beim Bezahlungen hat ein anderer angestellter auch angefangen zu meckern.	['(SERVICE, NEGATIVE)', '(SERVICE, NEGATIVE)']	"['(SERVICE, NEGATIVE, ""Wirt"")', '(SERVICE, NEGATIVE, ""angestellter"")']"
1946	Man sitzt sehr sch√∂n, vor allem LOC Weihnachtszeit.	['(AMBIENCE, POSITIVE)']	"['(AMBIENCE, POSITIVE, ""NULL"")']"
2063	Der Kellner war unh√∂flich und v√∂llig unfreundlich.	['(SERVICE, NEGATIVE)']	"['(SERVICE, NEGATIVE, ""Kellner"")']"
2089	Wir werden nach unserem eigenen Erlebnis nicht mehr dort hingehen.	['(GENERAL-IMPRESSION, NEGATIVE)']	"['(GENERAL-IMPRESSION, NEGATIVE, ""NULL"")']"
2112	Verstehe 0 warum die Leute es gut finden	['(GENERAL-IMPRESSION, NEGATIVE)']	"['(GENERAL-IMPRESSION, NEGATIVE, ""NULL"")']"
0	Gem√ºtliche Atmung und rustikale Deko an W√§nden.	['(AMBIENCE, POSITIVE)', '(AMBIENCE, POSITIVE)']	"['(AMBIENCE, POSITIVE, ""Atmung"")', '(AMBIENCE, POSITIVE, ""Deko an W√§nden"")']"
119	Super Abend, ich komme regelm√§√üig zum Steak essen in die RESTAURANT_NAME.	['(GENERAL-IMPRESSION, POSITIVE)']	"['(GENERAL-IMPRESSION, POSITIVE, ""RESTAURANT_NAME"")']"
185	Es gibt auch eine gro√üe Auswahl an Bieren.	['(FOOD, POSITIVE)']	"['(FOOD, POSITIVE, ""Bieren"")']"
205	Uns hat es leider nicht √ºberzeugt.	['(GENERAL-IMPRESSION, NEGATIVE)']	"['(GENERAL-IMPRESSION, NEGATIVE, ""NULL"")']"
242	Allein der Rotwein war nichts Besonderes.	['(FOOD, NEUTRAL)']	"['(FOOD, NEUTRAL, ""Rotwein"")']"
314	Unsere Erwartungen wurden sogar noch √ºbertroffen.	['(GENERAL-IMPRESSION, POSITIVE)']	"['(GENERAL-IMPRESSION, POSITIVE, ""NULL"")']"
329	Der sogenannte Chef de Service wurde sehr laut und wiederholte sich st√§ndig, dass wir ja schliesslich zu sp√§t gekommen seien.	['(SERVICE, NEGATIVE)']	"['(SERVICE, NEGATIVE, ""Chef de Service"")']"
341	Ich habe hier einen wirklich leckeren Burger gegessen und die Atmosph√§re war einfach toll!	['(FOOD, POSITIVE)', '(AMBIENCE, POSITIVE)']	"['(FOOD, POSITIVE, ""Burger"")', '(AMBIENCE, POSITIVE, ""Atmosph√§re"")']"
345	Die Lage direkt an der LOC ist nicht zu √ºbertreffen.	['(AMBIENCE, POSITIVE)']	"['(AMBIENCE, POSITIVE, ""Lage"")']"
393	Dass man dort nicht ein einziges Gew√ºrz in der K√ºche stehen hat, muss ich wohl kaum betonen.	['(FOOD, NEGATIVE)']	"['(FOOD, NEGATIVE, ""NULL"")']"
419	Super f√ºr sorglose, entspannte Familienfeiern, gro√üe Auswahl, viele Getr√§nke inklusive, super Service	['(FOOD, POSITIVE)', '(FOOD, POSITIVE)', '(SERVICE, POSITIVE)', '(GENERAL-IMPRESSION, POSITIVE)']	"['(FOOD, POSITIVE, ""Auswahl"")', '(FOOD, POSITIVE, ""Getr√§nke"")', '(SERVICE, POSITIVE, ""Service"")', '(GENERAL-IMPRESSION, POSITIVE, ""NULL"")']"
459	Der Service war trotz des Trubels aufmerksam und sehr freundlich.	['(SERVICE, POSITIVE)']	"['(SERVICE, POSITIVE, ""Service"")']"
465	Leider war der Hauptgang Rinderfilet so z√§h und durchwachsen dass dies den guten Gesamteindruck nachhaltig besch√§digt hat.	['(FOOD, NEGATIVE)']	"['(FOOD, NEGATIVE, ""Rinderfilet"")']"
473	Sie war super freundlich, zuvorkommend und kompetent :)	['(SERVICE, POSITIVE)']	"['(SERVICE, POSITIVE, ""NULL"")']"
480	Leider schlecht.	['(GENERAL-IMPRESSION, NEGATIVE)']	"['(GENERAL-IMPRESSION, NEGATIVE, ""NULL"")']"
484	Besonders hervorzuheben, war der Kellner Jacques.	['(SERVICE, POSITIVE)']	"['(SERVICE, POSITIVE, ""Jacques"")']"
488	Die Schnitzel war sehr lecker und auch die So√üen waren nicht pampig.	['(FOOD, POSITIVE)', '(FOOD, POSITIVE)']	"['(FOOD, POSITIVE, ""Schnitzel"")', '(FOOD, POSITIVE, ""So√üen"")']"
520	Das findet man sonst nicht, und macht die Faszination LOC aus.	['(GENERAL-IMPRESSION, POSITIVE)']	"['(GENERAL-IMPRESSION, POSITIVE, ""LOC"")']"
594	Der laue Sommerabend unter den grossen Sonnensegeln war schoen, allerdings wirkt der Aussenbereich etwas sehr ‚Äûselbstgemacht‚Äú, das kann sicher boch etwas sch√∂ner werden.	['(AMBIENCE, POSITIVE)', '(AMBIENCE, NEGATIVE)']	"['(AMBIENCE, POSITIVE, ""Sommerabend unter den grossen Sonnensegeln"")', '(AMBIENCE, NEGATIVE, ""Aussenbereich"")']"
611	Schade.	['(GENERAL-IMPRESSION, NEGATIVE)']	"['(GENERAL-IMPRESSION, NEGATIVE, ""NULL"")']"
649	Kein Danke, kein Auf Wiedersehen .	['(SERVICE, NEGATIVE)']	"['(SERVICE, NEGATIVE, ""NULL"")']"
650	Authentisch, so wie ich es mag.. hatte klassisch ein schnitzel mit j√§gersauce‚Ä¶ must try.	['(FOOD, POSITIVE)']	"['(FOOD, POSITIVE, ""schnitzel mit j√§gersauce"")']"
657	Fazit: Geht gar nicht !	['(GENERAL-IMPRESSION, NEGATIVE)']	"['(GENERAL-IMPRESSION, NEGATIVE, ""NULL"")']"
663	Um uns zu unterhalten, mussten wir uns fast schon anschreien.	['(AMBIENCE, NEGATIVE)']	"['(AMBIENCE, NEGATIVE, ""NULL"")']"
680	Es ist sehr schade, dass die G√§ste in diesem Restaurant so behandelt werden.	['(SERVICE, NEGATIVE)']	"['(SERVICE, NEGATIVE, ""NULL"")']"
685	Daf√ºr ohne Reservierung im √ºberf√ºllten RESTAURANT_NAME trotzdem eine angenehme Platz-Zuweisung vor Ort,naja,bei DEN Preisen‚Ä¶	['(PRICE, NEGATIVE)', '(SERVICE, POSITIVE)', '(AMBIENCE, NEGATIVE)']	"['(PRICE, NEGATIVE, ""Preisen"")', '(SERVICE, POSITIVE, ""Platz-Zuweisung"")', '(AMBIENCE, NEGATIVE, ""RESTAURANT_NAME"")']"
692	Der danach bestellte Glasnudelsalat war langweilig gew√ºrzt.	['(FOOD, NEGATIVE)']	"['(FOOD, NEGATIVE, ""Glasnudelsalat"")']"
723	Nach zehn Minuten, als wir noch den z√§hen Braten versuchten runterzubekommen wurde die Au√üenbeleuchtung der LOC entfernt und die Schirme zusammengeklappt, da es etwas windig war und m√∂glicher wei√üe ein Gewitter aufzog.	['(FOOD, NEGATIVE)']	"['(FOOD, NEGATIVE, ""Braten"")']"
750	Ein tolles Gew√∂lbe, gutes Konzept, angenehme jazzige Hintergrundmusik, gute Speisekarte.	['(AMBIENCE, POSITIVE)', '(AMBIENCE, POSITIVE)', '(FOOD, POSITIVE)']	"['(AMBIENCE, POSITIVE, ""Gew√∂lbe"")', '(AMBIENCE, POSITIVE, ""Hintergrundmusik"")', '(FOOD, POSITIVE, ""Speisekarte"")']"
766	Sehr leckeres Essen und super Happy Hour f√ºr Cocktails!	['(FOOD, POSITIVE)', '(FOOD, POSITIVE)']	"['(FOOD, POSITIVE, ""Essen"")', '(FOOD, POSITIVE, ""Cocktails"")']"
865	Die Speisen sind einfache, bayerische Klassiker in guter Qualit√§t.	['(FOOD, POSITIVE)']	"['(FOOD, POSITIVE, ""Speisen"")']"
893	Mit leckerem Wein tollem Essen und einem super Service.	['(FOOD, POSITIVE)', '(FOOD, POSITIVE)', '(SERVICE, POSITIVE)']	"['(FOOD, POSITIVE, ""Wein"")', '(FOOD, POSITIVE, ""Essen"")', '(SERVICE, POSITIVE, ""Service"")']"
897	Essen war absolut in Ordnung.	['(FOOD, NEUTRAL)']	"['(FOOD, NEUTRAL, ""Essen"")']"
915	Kommen bestimmt wieder.	['(GENERAL-IMPRESSION, POSITIVE)']	"['(GENERAL-IMPRESSION, POSITIVE, ""NULL"")']"
951	Die Mitarbeiter waren sehr freundlich und schnell obwohl es sehr voll war.	['(SERVICE, POSITIVE)']	"['(SERVICE, POSITIVE, ""Mitarbeiter"")']"
1070	Der schlechteste und zugleich teuerste Burger aller Zeiten f√ºr 14,90 ‚Ç¨ ohne jegliche Beilage.	['(FOOD, NEGATIVE)', '(PRICE, NEGATIVE)']	"['(FOOD, NEGATIVE, ""Burger"")', '(PRICE, NEGATIVE, ""Burger"")']"
1094	"Nie wieder ""Fr√ºh am LOC""...Soviel Arroganz, Ignoranz und Unfreundlichkeit kann EIN (1) Mensch doch gar nicht alleine haben!!"	['(SERVICE, NEGATIVE)', '(GENERAL-IMPRESSION, NEGATIVE)']	"['(SERVICE, NEGATIVE, ""NULL"")', '(GENERAL-IMPRESSION, NEGATIVE, ""NULL"")']"
1139	Mit der Reservierung des Tisches ( 4 Personen -( satte 120 ‚Ç¨) - mit diesen 4 Burgern und 4 kleinen Getr√§nken haben wir schlie√ülich 245 ‚Ç¨ gezahlt !	['(PRICE, NEGATIVE)']	"['(PRICE, NEGATIVE, ""NULL"")']"
1179	Wir erhielten kleine Teller mit recht √ºberschaubaren Portionen (keine Oliven, die ich bei jeder Art von Griechen erwarte ) Geschmacklich war alles in Ordnung.	['(FOOD, NEUTRAL)', '(FOOD, NEGATIVE)']	"['(FOOD, NEUTRAL, ""NULL"")', '(FOOD, NEGATIVE, ""Portionen"")']"
1181	Bier kann man gut trinken und der Service war sehr nett.	['(FOOD, POSITIVE)', '(SERVICE, POSITIVE)']	"['(FOOD, POSITIVE, ""Bier"")', '(SERVICE, POSITIVE, ""Service"")']"
1195	Allerdings dauerte es ewig bis das Essen kam, obwohl das Lokal nur zu 1/3 gef√ºllt war.	['(SERVICE, NEGATIVE)']	"['(SERVICE, NEGATIVE, ""NULL"")']"
1217	Das geht gar nicht, wenn man zu zweit essen geht!!	['(GENERAL-IMPRESSION, NEGATIVE)']	"['(GENERAL-IMPRESSION, NEGATIVE, ""NULL"")']"
1288	Mit eine M√§nnergruppe w√§ren alle verhungert!	['(FOOD, NEGATIVE)']	"['(FOOD, NEGATIVE, ""NULL"")']"
1306	Unglaublich entt√§uschend.	['(GENERAL-IMPRESSION, NEGATIVE)']	"['(GENERAL-IMPRESSION, NEGATIVE, ""NULL"")']"
1319	Richtig cool sind die vielen Stammtische, wo jeder ein eigenes Wappen hat, sowie die versperrten Bierkr√ºge.	['(AMBIENCE, POSITIVE)', '(FOOD, POSITIVE)']	"['(AMBIENCE, POSITIVE, ""Stammtische"")', '(FOOD, POSITIVE, ""Bierkr√ºge"")']"
1335	Sch√∂nes Ambiente.	['(AMBIENCE, POSITIVE)']	"['(AMBIENCE, POSITIVE, ""Ambiente"")']"
1341	Insgesamt empfand ich das gesamte Servicepersonal als herablassend.	['(SERVICE, NEGATIVE)']	"['(SERVICE, NEGATIVE, ""Servicepersonal"")']"
1349	Als Kommentar kam nur der freche Spruch: das ist ebenso, da die Toilette im Untergeschoss sei.	['(SERVICE, NEGATIVE)']	"['(SERVICE, NEGATIVE, ""NULL"")']"
1356	Die Kellner sind alle sehr nett und zuvorkommend	['(SERVICE, POSITIVE)']	"['(SERVICE, POSITIVE, ""Kellner"")']"
1357	Ein tolles italienisches Restaurant.	['(GENERAL-IMPRESSION, POSITIVE)']	"['(GENERAL-IMPRESSION, POSITIVE, ""Restaurant"")']"
1453	Schlechtester Service ever!	['(SERVICE, NEGATIVE)']	"['(SERVICE, NEGATIVE, ""Service"")']"
1478	Selbst am Nachbartisch hat eine Frau nur ein paar Happen von Ihrer Haxe und dem Kn√∂del gegessen und den Rest zur√ºckgegeben.	['(FOOD, NEGATIVE)']	"['(FOOD, NEGATIVE, ""NULL"")']"
1530	Auf meine Beschwerde hin wurde mir gesagt, dass das bayrische Bier eben viel Schaum habe.	['(SERVICE, NEGATIVE)']	"['(SERVICE, NEGATIVE, ""NULL"")']"
1536	Preis / Leistung stimmt.	['(PRICE, POSITIVE)']	"['(PRICE, POSITIVE, ""Preis / Leistung"")']"
1568	Die M√∂glichkeit online zu bestellen ist innovativ.	['(SERVICE, POSITIVE)']	"['(SERVICE, POSITIVE, ""NULL"")']"
1581	wahren alle super zuvorkommend und lieb.	['(SERVICE, POSITIVE)']	"['(SERVICE, POSITIVE, ""NULL"")']"
1593	Die von uns ausgew√§hlten Salate waren frisch, lecker und reichhaltig.	['(FOOD, POSITIVE)']	"['(FOOD, POSITIVE, ""Salate"")']"
1601	Wir haben dann Lasagne bestellt, die leider ziemlich kalt serviert wurde und auch sonst nur durchschnittlich geschmeckt hat.	['(FOOD, NEGATIVE)']	"['(FOOD, NEGATIVE, ""Lasagne"")']"
1622	Es gab keine reine Rebe und zudem recht teuer.	['(FOOD, NEGATIVE)', '(PRICE, NEGATIVE)']	"['(FOOD, NEGATIVE, ""NULL"")', '(PRICE, NEGATIVE, ""NULL"")']"
1629	Das LOC schmeckte sehr gut, die hausgemachten Sp√§tzle exzellent.	['(FOOD, POSITIVE)', '(FOOD, POSITIVE)']	"['(FOOD, POSITIVE, ""LOC"")', '(FOOD, POSITIVE, ""Sp√§tzle"")']"
1771	Anschlie√üend hatte jeder ein Ma√ü bestellt, wo die fast die H√§lfte des Bieres aus Schaum bestand, allein das grenzte an Betrug.	['(FOOD, NEGATIVE)']	"['(FOOD, NEGATIVE, ""Bieres"")']"
1779	Hier werden Sie mit leckerem Sardellencreme serviert.	['(FOOD, POSITIVE)']	"['(FOOD, POSITIVE, ""Sardellencreme"")']"
1783	Fr√§nkische Bratw√ºrste, die waren gut, aber das Sauerkraut dazu hat nach gar nichts geschmeckt.	['(FOOD, POSITIVE)', '(FOOD, NEGATIVE)']	"['(FOOD, POSITIVE, ""Fr√§nkische Bratw√ºrste"")', '(FOOD, NEGATIVE, ""Sauerkraut"")']"
1801	F√ºr uns steht klar ,es war das erste und letzte mal .	['(GENERAL-IMPRESSION, NEGATIVE)']	"['(GENERAL-IMPRESSION, NEGATIVE, ""NULL"")']"
1819	Das Essen war sehr gut!	['(FOOD, POSITIVE)']	"['(FOOD, POSITIVE, ""Essen"")']"
1836	Schnelle K√ºche mit geringem Anspruch.	['(SERVICE, NEGATIVE)']	"['(SERVICE, NEGATIVE, ""K√ºche"")']"
1841	Ein solides italienisches Restaurant in der LOC, mit selbstgemachte Pasta, guter Auswahl und immer wieder ein Besuch wert.	['(GENERAL-IMPRESSION, POSITIVE)', '(FOOD, POSITIVE)', '(GENERAL-IMPRESSION, POSITIVE)']	"['(GENERAL-IMPRESSION, POSITIVE, ""Restaurant"")', '(FOOD, POSITIVE, ""Auswahl"")', '(GENERAL-IMPRESSION, POSITIVE, ""NULL"")']"
1843	Ganz klare Empfehlungen unsererseits.	['(GENERAL-IMPRESSION, POSITIVE)']	"['(GENERAL-IMPRESSION, POSITIVE, ""NULL"")']"
1844	Toll finde ich auch die Speisekarte.	['(FOOD, POSITIVE)']	"['(FOOD, POSITIVE, ""Speisekarte"")']"
1866	30% - ausreichend Personal, System der Annahme von Bestellungen nicht erkennbar.	['(SERVICE, NEGATIVE)']	"['(SERVICE, NEGATIVE, ""System der Annahme von Bestellungen"")']"
1879	Es war ein toller Abend.	['(GENERAL-IMPRESSION, POSITIVE)']	"['(GENERAL-IMPRESSION, POSITIVE, ""NULL"")']"
1918	23 abends dann doch etwas frisch auf der Terrasse.	['(AMBIENCE, NEGATIVE)']	"['(AMBIENCE, NEGATIVE, ""Terrasse"")']"
1920	Auch die Schnitzel kamen innerhalb einer 5-Minuten Frist und waren Massenware.	['(FOOD, NEGATIVE)']	"['(FOOD, NEGATIVE, ""Schnitzel"")']"
1933	Hier wird man schlicht verarscht.	['(GENERAL-IMPRESSION, NEGATIVE)']	"['(GENERAL-IMPRESSION, NEGATIVE, ""NULL"")']"
1940	H√§tte gerne nach dem tollen Essen einen Fernet Branca bestellt.	['(FOOD, POSITIVE)']	"['(FOOD, POSITIVE, ""Essen"")']"
1972	Nix zu bem√§ngeln.	['(GENERAL-IMPRESSION, POSITIVE)']	"['(GENERAL-IMPRESSION, POSITIVE, ""NULL"")']"
1976	Die Vorspeisen sind normalerweise sehr zu empfehlen,aber hier stimmt das Preis-Leistungsverh√§ltnis √ºberhaupt nicht mehr.	['(FOOD, POSITIVE)', '(PRICE, NEGATIVE)']	"['(FOOD, POSITIVE, ""Vorspeisen"")', '(PRICE, NEGATIVE, ""Vorspeisen"")']"
1992	Ich ziehe meinen Hut vor den Kollegen und Kolleginnen aus der K√ºche und dem Service.	['(SERVICE, POSITIVE)', '(SERVICE, POSITIVE)']	"['(SERVICE, POSITIVE, ""Service"")', '(SERVICE, POSITIVE, ""Kollegen und Kolleginnen aus der K√ºche"")']"
2011	Eine der Servicekr√§fte deutete auf die Uhr und teilte mir in einem barschen Tonfall mit, dass man um 22:00 Uhr schlie√üe.	['(SERVICE, NEGATIVE)']	"['(SERVICE, NEGATIVE, ""Servicekr√§fte"")']"
2088	Getr√§nke und Speisen standen ruckzuck auf dem Tisch.	['(SERVICE, POSITIVE)']	"['(SERVICE, POSITIVE, ""NULL"")']"
2095	unumg√§ngliches Restaurant!	['(GENERAL-IMPRESSION, POSITIVE)']	"['(GENERAL-IMPRESSION, POSITIVE, ""Restaurant"")']"
2110	Der junge Service ist √§u√üerst freundlich, erkl√§rt sehr angenehm und macht seinen Job gerne.	['(SERVICE, POSITIVE)']	"['(SERVICE, POSITIVE, ""Service"")']"
2128	Sehr nettes Ambiente drin wie drau√üen.	['(AMBIENCE, POSITIVE)', '(AMBIENCE, POSITIVE)']	"['(AMBIENCE, POSITIVE, ""drin"")', '(AMBIENCE, POSITIVE, ""drau√üen"")']"
